{"cameraMode":{"drawMode":0,"name":"Shaded","section":"Shading Mode"},"sceneLighting":true,"audioPlay":false,"sceneViewState":{"m_AlwaysRefresh":false,"showFog":true,"showSkybox":true,"showFlares":true,"showImageEffects":true,"showParticleSystems":true,"showVisualEffectGraphs":true,"m_FxEnabled":true},"in2DMode":false,"pivot":{"x":1.7926968336105347,"y":-8.120940208435059,"z":-19.23463249206543},"rotation":{"x":0.016323981806635858,"y":0.9646700024604797,"z":-0.25795695185661318,"w":0.05958755686879158},"size":11.672276496887207,"orthographic":false}