{"cameraMode":{"drawMode":0,"name":"Shaded","section":"Shading Mode"},"sceneLighting":true,"audioPlay":false,"sceneViewState":{"m_AlwaysRefresh":false,"showFog":true,"showSkybox":true,"showFlares":true,"showImageEffects":true,"showParticleSystems":true,"showVisualEffectGraphs":true,"m_FxEnabled":false},"in2DMode":false,"pivot":{"x":0.4599771797657013,"y":-4.810532093048096,"z":-18.013750076293947},"rotation":{"x":0.0004376678552944213,"y":0.9850313067436218,"z":-0.17501941323280335,"w":0.014292770996689797},"size":10.645407676696778,"orthographic":false}