{"cameraMode":{"drawMode":0,"name":"Shaded","section":"Shading Mode"},"sceneLighting":true,"audioPlay":false,"sceneViewState":{"m_AlwaysRefresh":false,"showFog":true,"showSkybox":true,"showFlares":true,"showImageEffects":true,"showParticleSystems":true,"showVisualEffectGraphs":true,"m_FxEnabled":false},"in2DMode":false,"pivot":{"x":0.9539919495582581,"y":-13.049844741821289,"z":-12.782867431640625},"rotation":{"x":0.0023132639471441509,"y":0.9059207439422607,"z":-0.4246472120285034,"w":0.009562195278704167},"size":10.645407676696778,"orthographic":false}