{"cameraMode":{"drawMode":0,"name":"Shaded","section":"Shading Mode"},"sceneLighting":false,"audioPlay":false,"sceneViewState":{"m_AlwaysRefresh":false,"showFog":true,"showSkybox":true,"showFlares":true,"showImageEffects":true,"showParticleSystems":true,"showVisualEffectGraphs":true,"m_FxEnabled":false},"in2DMode":false,"pivot":{"x":0.12463109940290451,"y":-0.032211314886808398,"z":-8.506952285766602},"rotation":{"x":-0.001099039800465107,"y":0.8914085030555725,"z":-0.4532504975795746,"w":-0.0021209002006798984},"size":8.061813354492188,"orthographic":false}