{"cameraMode":{"drawMode":0,"name":"Shaded","section":"Shading Mode"},"sceneLighting":true,"audioPlay":false,"sceneViewState":{"m_AlwaysRefresh":false,"showFog":true,"showSkybox":true,"showFlares":true,"showImageEffects":true,"showParticleSystems":true,"showVisualEffectGraphs":true,"m_FxEnabled":false},"in2DMode":false,"pivot":{"x":-0.7959597706794739,"y":-1.2519031763076783,"z":-18.421751022338868},"rotation":{"x":0.00501503050327301,"y":-0.9897888898849487,"z":0.14380954205989839,"w":0.026458609849214555},"size":10.645407676696778,"orthographic":false}